-- ============================================
-- 纺织厂数据扩充脚本
-- ============================================

-- 1. 商品分类扩充
INSERT IGNORE INTO product_category (id, parent_id, category_name, category_code) VALUES
(10, 0, '纺织原料', 'TEXTILE_RAW'),
(11, 10, '纱线类', 'YARN'),
(12, 10, '染料助剂', 'DYE'),
(13, 0, '半成品', 'SEMI'),
(14, 13, '坯布', 'GREY'),
(15, 0, '成品布匹', 'FINISHED'),
(16, 0, '机物料', 'MACHINE'),
(17, 16, '维修备件', 'SPARE'),
(18, 16, '生产耗材', 'CONSUMABLE'),
(19, 0, '包装材料', 'PACK'),
(20, 0, '办公用品', 'OFFICE_ITEMS'),
(21, 0, '劳保用品', 'SAFETY');

-- 2. 商品扩充（纺织厂从ID=11开始）
INSERT IGNORE INTO product (id, product_code, product_name, category_id, unit, cost_price, sale_price, min_stock, max_stock, status) VALUES
(11, 'TEX001', '32支纯棉纱', 11, '吨', 25000.00, 28000.00, 20, 30, 1),
(12, 'TEX002', '40支涤棉混纺纱', 11, '吨', 18000.00, 21000.00, 3, 20, 1),
(13, 'TEX003', '21支纯涤纱', 11, '吨', 12000.00, 14500.00, 4, 25, 1),
(14, 'TEX004', '60支精梳棉纱', 11, '吨', 32000.00, 36000.00, 2, 15, 1),
(15, 'TEX005', '活性染料（黑）', 12, '千克', 45.00, 55.00, 50, 500, 1),
(16, 'TEX006', '分散染料（蓝）', 12, '千克', 38.00, 48.00, 40, 400, 1),
(17, 'TEX007', '柔软剂', 12, '千克', 15.00, 22.00, 80, 600, 1),
(18, 'TEX008', '双氧水（漂白）', 12, '吨', 3500.00, 4200.00, 2, 15, 1),
(19, 'TEX009', '涤棉坯布（T65/C35）', 14, '米', 8.50, 12.00, 5000, 50000, 1),
(20, 'TEX010', '全棉坯布（C100）', 14, '米', 12.00, 16.00, 3000, 30000, 1),
(21, 'TEX011', '染色涤棉布（藏青）', 15, '米', 15.00, 22.00, 2000, 20000, 1),
(22, 'TEX012', '印花全棉布', 15, '米', 18.00, 28.00, 1500, 15000, 1),
(23, 'TEX013', '色织格子布', 15, '米', 22.00, 35.00, 1000, 12000, 1),
(24, 'TEX014', '防水涂层面料', 15, '米', 25.00, 40.00, 800, 8000, 1),
(25, 'TEX015', '纺纱机锭子', 17, '个', 85.00, 120.00, 50, 500, 1),
(26, 'TEX016', '织机梭子', 17, '个', 35.00, 50.00, 100, 1000, 1),
(27, 'TEX017', '轴承（6205）', 17, '个', 18.00, 28.00, 80, 600, 1),
(28, 'TEX018', '传动皮带（B型）', 17, '条', 45.00, 65.00, 30, 300, 1),
(29, 'TEX019', '纺织机油（20L）', 18, '桶', 280.00, 380.00, 20, 150, 1),
(30, 'TEX020', '清洁刷', 18, '把', 5.00, 8.00, 200, 2000, 1),
(31, 'TEX021', '纱管（纸质）', 18, '个', 0.80, 1.20, 5000, 50000, 1),
(32, 'TEX022', '塑料袋（大号）', 19, '个', 0.30, 0.50, 10000, 100000, 1),
(33, 'TEX023', '编织袋', 19, '个', 0.80, 1.20, 5000, 50000, 1),
(34, 'TEX024', '纸箱（标准）', 19, '个', 2.50, 3.50, 2000, 20000, 1),
(35, 'TEX025', '封箱胶带', 19, '卷', 3.00, 4.50, 500, 5000, 1),
(36, 'TEX026', 'A4打印纸（箱）', 20, '箱', 85.00, 120.00, 30, 50, 1),
(37, 'TEX027', '碳粉盒', 20, '个', 150.00, 220.00, 20, 150, 1),
(38, 'TEX028', '档案盒', 20, '个', 3.50, 5.00, 200, 2000, 1),
(39, 'TEX029', '棉纱手套', 21, '双', 1.50, 2.50, 500, 5000, 1),
(40, 'TEX030', '防尘口罩', 21, '个', 0.80, 1.50, 1000, 10000, 1),
(41, 'TEX031', '安全帽', 21, '个', 12.00, 18.00, 100, 1000, 1),
(42, 'TEX032', '劳保鞋', 21, '双', 45.00, 68.00, 80, 800, 1);

-- 3. 仓库扩充
INSERT IGNORE INTO warehouse (id, warehouse_code, warehouse_name, address, manager, status) VALUES
(4, 'WH004', '原料仓库', '纺织产业园A区1栋', '赵刚', 1),
(5, 'WH005', '成品仓库', '纺织产业园B区2栋', '钱丽', 1),
(6, 'WH006', '机物料仓库', '纺织产业园A区附楼', '孙伟', 1),
(7, 'WH007', '包装材料库', '纺织产业园B区配楼', '李芳', 1);

-- 4. 库位扩充
INSERT IGNORE INTO storage_location (id, warehouse_id, location_code, location_name, status) VALUES
(9, 4, 'RAW-A01', '纱线区A排01号', 1),
(10, 4, 'RAW-A02', '纱线区A排02号', 1),
(11, 4, 'RAW-B01', '染料区B排01号', 1),
(12, 4, 'RAW-B02', '助剂区B排02号', 1),
(13, 5, 'FIN-A01', '涤棉布区A排01号', 1),
(14, 5, 'FIN-A02', '全棉布区A排02号', 1),
(15, 5, 'FIN-B01', '涂层布区B排01号', 1),
(16, 6, 'MAC-A01', '备件区A排01号', 1),
(17, 6, 'MAC-A02', '耗材区A排02号', 1),
(18, 6, 'MAC-B01', '工具区B排01号', 1),
(19, 7, 'PAK-A01', '袋类区A排01号', 1),
(20, 7, 'PAK-A02', '箱类区A排02号', 1),
(21, 7, 'PAK-B01', '胶带标签区B排01号', 1);

-- 5. 库存扩充
INSERT INTO inventory (product_id, warehouse_id, location_id, quantity, version) VALUES
(11, 4, 9, 15, 1), (12, 4, 9, 8, 1), (13, 4, 10, 10, 1),
(14, 4, 10, 4, 1), (15, 4, 11, 200, 1), (16, 4, 11, 150, 1),
(17, 4, 12, 300, 1), (18, 4, 12, 5, 1),
(19, 4, 9, 15000, 1), (20, 4, 10, 8000, 1),
(21, 5, 13, 5000, 1), (22, 5, 14, 3000, 1),
(23, 5, 15, 2000, 1), (24, 5, 15, 1200, 1),
(25, 6, 16, 120, 1), (26, 6, 16, 300, 1),
(27, 6, 16, 200, 1), (28, 6, 17, 80, 1),
(29, 6, 17, 45, 1), (30, 6, 18, 500, 1),
(31, 6, 18, 12000, 1),
(32, 7, 19, 30000, 1), (33, 7, 19, 12000, 1),
(34, 7, 20, 5000, 1), (35, 7, 21, 1200, 1),
(36, 1, 1, 50, 1), (37, 1, 1, 25, 1),
(38, 1, 2, 300, 1),
(39, 6, 18, 2000, 1), (40, 6, 18, 5000, 1),
(41, 6, 18, 300, 1), (42, 6, 18, 200, 1)
ON DUPLICATE KEY UPDATE quantity=VALUES(quantity);

-- 6. 供应商扩充
INSERT IGNORE INTO supplier (id, supplier_code, supplier_name, contact, phone, address, status) VALUES
(5, 'S005', '江苏阳光棉纺有限公司', '陈总', '13900010001', '江苏省无锡市纺织工业园', 1),
(6, 'S006', '浙江龙盛染料化工', '刘经理', '13900010002', '浙江省绍兴市上虞区', 1),
(7, 'S007', '山东如意纺织机械', '周工', '13900010003', '山东省济宁市高新区', 1),
(8, 'S008', '广东新会包装材料厂', '黄经理', '13900010004', '广东省江门市新会区', 1);

-- 7. 客户扩充
INSERT IGNORE INTO customer (id, customer_code, customer_name, contact, phone, address, status) VALUES
(5, 'C005', '杭州四季青服装批发', '吴老板', '13900020001', '浙江省杭州市四季青', 1),
(6, 'C006', '上海家纺有限公司', '林经理', '13900020002', '上海市松江区', 1),
(7, 'C007', '广州中大布匹贸易', '杨经理', '13900020003', '广州市海珠区中大布匹市场', 1),
(8, 'C008', '北京服装设计公司', '马总监', '13900020004', '北京市朝阳区798艺术区', 1);

-- 8. 添加入库单
INSERT IGNORE INTO stock_in (id, in_no, in_type, supplier_id, warehouse_id, total_amount, status, operator, remark, create_time) VALUES
(5, 'IN20260619001', 'purchase', 5, 4, 75000.00, 'approved', 2, '采购32支棉纱2吨+涤棉纱1吨', NOW()),
(6, 'IN20260620001', 'purchase', 6, 4, 18750.00, 'approved', 2, '采购活性染料500千克', NOW()),
(7, 'IN20260620002', 'purchase', 7, 6, 8500.00, 'pending', 2, '采购纺纱机配件一批', NOW()),
(8, 'IN20260620003', 'purchase', 8, 7, 17000.00, 'draft', 2, '采购包装材料一批', NOW());

INSERT IGNORE INTO stock_in_detail (id, stock_in_id, product_id, location_id, quantity, unit_price, amount) VALUES
(13, 5, 11, 9, 2, 25000.00, 50000.00),
(14, 5, 12, 9, 1, 18000.00, 18000.00),
(15, 6, 15, 11, 500, 37.50, 18750.00),
(16, 7, 25, 16, 100, 85.00, 8500.00),
(17, 8, 34, 20, 5000, 2.50, 12500.00),
(18, 8, 32, 19, 10000, 0.30, 3000.00),
(19, 8, 35, 21, 500, 3.00, 1500.00);

-- 9. 添加出库单
INSERT IGNORE INTO stock_out (id, out_no, out_type, customer_id, warehouse_id, total_amount, status, operator, remark, create_time) VALUES
(5, 'OUT20260619001', 'sale', 5, 5, 44000.00, 'approved', 2, '销售染色涤棉布2000米', NOW()),
(6, 'OUT20260620001', 'sale', 7, 5, 50000.00, 'pending', 2, '销售印花全棉布+色织布', NOW()),
(7, 'OUT20260620002', 'sale', 6, 6, 1180.00, 'draft', 2, '售出纺机配件', NOW());

INSERT IGNORE INTO stock_out_detail (id, stock_out_id, product_id, location_id, quantity, unit_price, amount) VALUES
(13, 5, 21, 13, 2000, 22.00, 44000.00),
(14, 6, 22, 14, 1500, 28.00, 42000.00),
(15, 6, 23, 15, 800, 35.00, 28000.00),
(16, 7, 28, 17, 20, 59.00, 1180.00);

SELECT '纺织厂数据扩充完成!' as result;
